Month,Year,Old/New,Name
1,2001,N,31282
1,2002,N,34658
1,2004,N,42543
1,2005,N,25664
1,2006,N,34602
1,2007,N,40806
1,2010,N,16190
1,2011,N,17315
1,2012,N,19651
1,2013,N,19546
1,2014,N,31478
1,2015,N,27628
1,2016,N,29847
1,2017,N,29617
1,2001,Y,2568
1,2002,Y,2648
1,2004,Y,3009
1,2005,Y,3069
1,2006,Y,3832
1,2007,Y,3663
1,2010,Y,1701
1,2011,Y,1441
1,2012,Y,1670
1,2013,Y,1609
1,2014,Y,2394
1,2015,Y,2309
1,2016,Y,3189
1,2017,Y,3269
6,2001,N,50888
6,2002,N,46753
6,2004,N,54467
6,2005,N,40925
6,2006,N,53499
6,2007,N,55304
6,2010,N,26146
6,2011,N,24086
6,2012,N,24429
6,2013,N,26704
6,2014,N,35583
6,2015,N,37404
6,2016,N,33342
6,2017,N,13479
6,2001,Y,7213
6,2002,Y,6726
6,2004,Y,7679
6,2005,Y,7688
6,2006,Y,9213
6,2007,Y,7660
6,2010,Y,3815
6,2011,Y,3887
6,2012,Y,4339
6,2013,Y,5323
6,2014,Y,6165
6,2015,Y,7330
6,2016,Y,7348
6,2017,Y,104
7,2001,N,53768
7,2002,N,59613
7,2004,N,61055
7,2005,N,45800
7,2006,N,52375
7,2007,N,54643
7,2010,N,29947
7,2011,N,27866
7,2012,N,26410
7,2013,N,32885
7,2014,N,39574
7,2015,N,43612
7,2016,N,37554
7,2001,Y,4467
7,2002,Y,5012
7,2004,Y,5168
7,2005,Y,5109
7,2006,Y,5347
7,2007,Y,4129
7,2010,Y,2355
7,2011,Y,2113
7,2012,Y,2016
7,2013,Y,2563
7,2014,Y,3429
7,2015,Y,4053
7,2016,Y,4627
8,2001,N,58262
8,2002,N,59552
8,2004,N,51621
8,2005,N,44418
8,2006,N,55738
8,2007,N,58229
8,2010,N,27216
8,2011,N,28951
8,2012,N,28297
8,2013,N,34777
8,2014,N,40872
8,2015,N,38882
8,2016,N,38353
8,2001,Y,5060
8,2002,Y,5223
8,2004,Y,4779
8,2005,Y,4825
8,2006,Y,5068
8,2007,Y,3698
8,2010,Y,2172
8,2011,Y,2118
8,2012,Y,2415
8,2013,Y,3266
8,2014,Y,3335
8,2015,Y,4039
8,2016,Y,5180
9,2001,N,45585
9,2002,N,48779
9,2004,N,44299
9,2005,N,44396
9,2006,N,52563
9,2007,N,46006
9,2010,N,24806
9,2011,N,27644
9,2012,N,22532
9,2013,N,30714
9,2014,N,36161
9,2015,N,38106
9,2016,N,37140
9,2001,Y,4510
9,2002,Y,4941
9,2004,Y,5037
9,2005,Y,5716
9,2006,Y,5781
9,2007,Y,3867
9,2010,Y,2754
9,2011,Y,2674
9,2012,Y,2779
9,2013,Y,3471
9,2014,Y,3837
9,2015,Y,4704
9,2016,Y,5765
10,2001,N,49452
10,2002,N,49663
10,2004,N,42435
10,2005,N,40948
10,2006,N,51289
10,2007,N,47475
10,2010,N,25934
10,2011,N,25530
10,2012,N,25429
10,2013,N,35372
10,2014,N,39868
10,2015,N,42089
10,2016,N,34972
10,2001,Y,4454
10,2002,Y,4809
10,2004,Y,4817
10,2005,Y,5109
10,2006,Y,5244
10,2007,Y,4297
10,2010,Y,2296
10,2011,Y,2232
10,2012,Y,2472
10,2013,Y,3323
10,2014,Y,3846
10,2015,Y,4744
10,2016,Y,5422
2,2001,N,31379
2,2002,N,36842
2,2004,N,41507
2,2005,N,26333
2,2006,N,35223
2,2007,N,40523
2,2010,N,18791
2,2011,N,17599
2,2012,N,19761
2,2013,N,20049
2,2014,N,30387
2,2015,N,27554
2,2016,N,32067
2,2017,N,29926
11,2001,N,51360
11,2002,N,51963
11,2004,N,37117
11,2005,N,41948
11,2006,N,52490
11,2007,N,46933
11,2010,N,24586
11,2011,N,26037
11,2012,N,27369
11,2013,N,38119
11,2014,N,33655
11,2015,N,38153
11,2016,N,36339
11,2001,Y,5103
11,2002,Y,5363
11,2004,Y,4788
11,2005,Y,5138
11,2006,Y,5628
11,2007,Y,4151
11,2010,Y,2553
11,2011,Y,2780
11,2012,Y,2736
11,2013,Y,3807
11,2014,Y,3860
11,2015,Y,4398
11,2016,Y,5788
12,2001,N,41213
12,2002,N,45981
12,2004,N,34847
12,2005,N,44011
12,2006,N,52612
12,2007,N,35880
12,2010,N,23989
12,2011,N,26599
12,2012,N,22958
12,2013,N,34878
12,2014,N,34581
12,2015,N,38185
12,2016,N,37217
12,2001,Y,6655
12,2002,Y,7133
12,2004,Y,7752
12,2005,Y,8917
12,2006,Y,8930
12,2007,Y,5504
12,2010,Y,3284
12,2011,Y,3819
12,2012,Y,3779
12,2013,Y,5251
12,2014,Y,5656
12,2015,Y,7269
12,2016,Y,7427
2,2001,Y,3392
2,2002,Y,3527
2,2004,Y,3804
2,2005,Y,3612
2,2006,Y,4576
2,2007,Y,3654
2,2010,Y,2067
2,2011,Y,1540
2,2012,Y,1871
2,2013,Y,1866
2,2014,Y,2865
2,2015,Y,2762
2,2016,Y,3838
2,2017,Y,3123
3,2001,N,41693
3,2002,N,47693
3,2004,N,47855
3,2005,N,30815
3,2006,N,45785
3,2007,N,48613
3,2010,N,22160
3,2011,N,20380
3,2012,N,26347
3,2013,N,23126
3,2014,N,31617
3,2015,N,31380
3,2016,N,62951
3,2017,N,35022
3,2001,Y,5187
3,2002,Y,5786
3,2004,Y,5215
3,2005,Y,4644
3,2006,Y,6769
3,2007,Y,5520
3,2010,Y,2988
3,2011,Y,2504
3,2012,Y,3700
3,2013,Y,3303
3,2014,Y,3979
3,2015,Y,4612
3,2016,Y,8036
3,2017,Y,3440
4,2001,N,41201
4,2002,N,46705
4,2004,N,54329
4,2005,N,36411
4,2006,N,41900
4,2007,N,43921
4,2010,N,22860
4,2011,N,22281
4,2012,N,18787
4,2013,N,22103
4,2014,N,32860
4,2015,N,30153
4,2016,N,24050
4,2017,N,28876
4,2001,Y,3959
4,2002,Y,4419
4,2004,Y,5134
4,2005,Y,5051
4,2006,Y,5273
4,2007,Y,4135
4,2010,Y,2271
4,2011,Y,2201
4,2012,Y,1958
4,2013,Y,2430
4,2014,Y,3225
4,2015,Y,3729
4,2016,Y,4194
4,2017,Y,1819
5,2001,N,46196
5,2002,N,61712
5,2004,N,49291
5,2005,N,37106
5,2006,N,46429
5,2007,N,49033
5,2010,N,22637
5,2011,N,21498
5,2012,N,22473
5,2013,N,28895
5,2014,N,35985
5,2015,N,34002
5,2016,N,28198
5,2017,N,29333
5,2001,Y,4672
5,2002,Y,6007
5,2004,Y,5320
5,2005,Y,4793
5,2006,Y,5737
5,2007,Y,4899
5,2010,Y,2731
5,2011,Y,2156
5,2012,Y,2580
5,2013,Y,3080
5,2014,Y,3777
5,2015,Y,4371
5,2016,Y,4396
5,2017,Y,810